link,name,rating,category,price,promotion_infor,introduction,short_description,specification
https://cellphones.com.vn/,,,,,,"Cellphones.com.vn - Hệ thống bán lẻ điện thoại di động, smartphone, iPad, laptop, phụ kiện chính hãng, giá tốt nhất. Kèm theo nhiều khuyến mãi hấp dẫn. Mua trả góp 0%, bảo hành chính hãng, giao hàng tận nơi",,
https://cellphones.com.vn/,,,,,,"Cellphones.com.vn - Hệ thống bán lẻ điện thoại di động, smartphone, iPad, laptop, phụ kiện chính hãng, giá tốt nhất. Kèm theo nhiều khuyến mãi hấp dẫn. Mua trả góp 0%, bảo hành chính hãng, giao hàng tận nơi",,
https://cellphones.com.vn/mobile/oppo.html,,,Home/ Điện thoại,,,"Mua điện thoại Oppo giá rẻ - Thu cũ đổi mới, bảo hành 12 tháng, đổi mới 30 ngày miễn phí, hỗ trợ trả góp 0%. Mua ngay đt Oppo mới nhất tại đây.",,
https://cellphones.com.vn/mobile/huawei.html,,,Home/ Điện thoại,,,"Mua điện thoại Huawei giá rẻ - Thu cũ đổi mới, bảo hành 12 tháng, đổi mới 30 ngày miễn phí, hỗ trợ trả góp 0%. Mua ngay đt Huawei mới nhất tại đây.",,
https://cellphones.com.vn/mobile/samsung.html,,,Home/ Điện thoại,,,"Mua điện thoại Samsung giá rẻ - Thu cũ đổi mới, bảo hành 12 tháng, đổi mới 30 ngày miễn phí, hỗ trợ trả góp 0%. Mua ngay đt Samsung mới nhất tại đây.",,
https://cellphones.com.vn/mobile/apple/iphone-se.html,,,Home/ Điện thoại/ Apple,,,"Cellphones.com.vn - Hệ thống bán lẻ điện thoại di động, smartphone, iPad, laptop, phụ kiện chính hãng, giá tốt nhất. Kèm theo nhiều khuyến mãi hấp dẫn. Mua trả góp 0%, bảo hành chính hãng, giao hàng tận nơi",,
https://cellphones.com.vn/mobile/xiaomi.html,,,Home/ Điện thoại,,,"Mua điện thoại Xiaomi giá rẻ - Thu cũ đổi mới, bảo hành 12 tháng, đổi mới 30 ngày miễn phí, hỗ trợ trả góp 0%. Mua ngay đt Xiaomi mới nhất tại đây.",,
https://cellphones.com.vn/mobile/asus.html,,,Home/ Điện thoại,,,"Mua điện thoại Asus giá rẻ - Thu cũ đổi mới, bảo hành 12 tháng, đổi mới 30 ngày miễn phí, hỗ trợ trả góp 0%. Mua ngay đt Asus mới nhất tại đây.",,
https://cellphones.com.vn/mobile/apple/iphone-7-7-plus.html,,,Home/ Điện thoại/ Apple,,,"Mua điện thoại iPhone 7, iPhone 7 Plus chính hãng VN/A, giá giảm hơn 3 triệu, trả góp 0%, bảo hành 12 tháng tại Việt Nam, 1 đổi 1 30 ngày nếu lỗi.",,
https://cellphones.com.vn/mobile/apple/iphone-xs-max.html,,,Home/ Điện thoại/ Apple,,,"Mua điện thoại iPhone Xs, Xs Max chính hãng VN/A giá tốt nhất, giảm hơn 3 triệu, nhiều ưu đãi hấp dẫn, trả góp 0%, thu cũ lên đời iPhone Xs Max.",,
https://cellphones.com.vn/mobile/nokia.html,,,Home/ Điện thoại,,,"Mua điện thoại Nokia giá rẻ - Thu cũ đổi mới, bảo hành 12 tháng, đổi mới 30 ngày miễn phí, hỗ trợ trả góp 0%. Mua ngay đt Nokia mới nhất tại đây.",,
https://cellphones.com.vn/mobile/hang-khac/pocophone.html,,,Home/ Điện thoại/ Hãng khác,,,Điện Thoại Pocophone Hàng Chính Hãng Giá Tốt Tại CellphoneS Kèm Nhiều Ưu Đãi Hấp Dẫn Cùng Khuyến Mãi Khủng. Bảo Hành 12 Tháng. 1 Đổi 1 Trong 30 Ngày. Cùng Chương Trình Trả Góp 0%. Thu Cũ Đổi Mới,,
https://cellphones.com.vn/mobile/apple/iphone-8-8-plus.html,,,Home/ Điện thoại/ Apple,,,"Mua điện thoại iPhone 8 | iPhone 8 Plus giá rẻ - Thu cũ đổi mới, bảo hành 12 tháng, đổi mới 30 ngày miễn phí, hỗ trợ trả góp 0%. Mua ngay iPhone 8 tại đây.",,
https://cellphones.com.vn/bo-kich-song-wifi-xiaomi-pro.html,Bộ kích sóng Wifi Xiaomi Pro,5 ,Home/ Phụ kiện/ Thiết bị mạng/ Bộ kích sóng wifi,,,"Mua ngay bộ kích sóng Wifi Xiaomi Pro chính hãng giá rẻ bảo hành 12 tháng giúp tăng cường sóng wifi trong ngôi nhà của bạn, giao hàng tận nơi chính hãng.",,"Với những gia đình hay văn phòng làm việc, có như cầu sử dụng wifi với cường độ cao và nhu cầu kết nối nhiều thiết bị mạng nhưng thiết bị wifi hiện dùng không đủ khả năng để thực hiện điều đó. Vậy thì bộ kích sóng wifi Xiaomi Pro chính là một sản phẩm tuyệt vời, giúp bạn có thể kết nối được nhiều thiết bị mà vẫn đảm bảo đường truyền ổn định, mạnh mẽ.Bộ kích sóng wifi Xiaomi Pro sở hữu kích thước vô cùng nhỏ gọn chỉ 70 x 70 x 54mm giúp bạn có thể mang theo, và không hề gây chiếm diện tích hay vướng víu khi bạn sử dụng. Không chỉ thế, thiết bị kích sóng wifi Xiaomi Pro còn sở hữu đèn led nhỏ để người dùng biết được tình trạng hoạt động của thiết bị.Không chỉ thế, đây là thiết bị kết nối không dây nên vô cùng tiện lợi cho người dùng, lại vô cùng thẩm mĩ. Thiết bị kích sóng wifi Xiaomi Pro được thiết kế chuôi cắm sẵn nên bạn có thể cắm trực tiếp vào ổ điện và sử dụng, vô cùng tiện lợi và dễ dàng.Nhờ vào thiết kế hai ăng ten cùng hoạt động một lúc nên thiết bị kích sóng wifi Xiaomi Pro mang đến cho người dùng khả năng bắt sóng mạnh mẽ hơn gấp nhiều lần. Mọi không gian trong nhà bạn đều được phủ sóng wifi giúp bạn có thể dễ dàng sử dụng ở bất cứ đâu trong ngôi nhà của mình mà vẫn cho tốc độ tốt.Điểm ấn tượng của thiết bị kích sóng wifi Xiaomi Pro chính là khả năng cho phép kết nối lên đến 64 thiết bị, hoàn toàn phù hợp với những văn phòng hay những gia đình cần sử dụng nhiều thiết bị điện tử kết nối mạng. Nhưng để đạt được tốc độ tốt nhất, bạn chỉ nên kết nối 24 thiết bị.Thiết bị kích sóng wifi Xiaomi Pro cung cấp cho người dùng chuẩn wifi 300 Mbps mang đến cho người dùng mạng lưới wifi hiện đại, tốt nhất, với tốc độ mạnh mẽ và ổn định.Không chỉ thế, bạn có thể quản lí sự hoạt động của thiết bị kích sóng wifi Xiaomi Pro một cách dễ dàng nhờ vào ứng dụng Mihome, bạn có thể thiết lập hay theo dõi số lượng thiết bị kết nối một cách vô cùng đơn giản.Bạn có thể mua được bộ kích sóng wifi Xiaomi Pro chính hãng với giá tốt khi đến với CellphoneS. Tại đây, luôn đảm bảo cung cấp cho khách hàng sản phẩm chính hãng, chất lượng, uy tín cùng với một mức giá tốt. Khi mua bộ kích sóng wifi Xiaomi Pro chính hãng bạn còn có cơ hội nhận được nhiều ưu đãi và khuyến mãi hấp dẫn khi trở thành khách hàng của CellphoneS.Ngoài ra, không chỉ là thiết bị kích sóng wifi, bạn còn có thể mua được nhiều sản phẩm, phụ kiện khác như điện thoại, laptop, máy tính bảng, hay các loại phụ kiện như ốp lưng, tai nghe,… tại CellphoneS."
https://cellphones.com.vn/samsung-galaxy-buds-live.html,Tai nghe Bluetooth Samsung Galaxy Buds Live,0 ,Home/ Âm thanh/ Tai nghe/ Tai nghe Bluetooth,,,"Mua tai nghe bluetooth Samsung Galaxy Buds Live chính hãng, giá rẻ, bảo hành đến 12 tháng. Galaxy Buds Live thiết kế độc đáo hình hạt đậu, độ bám tai tốt.",,"Việc sử dụng tai nghe từ lâu đã trở thành một thói quen của nhiều người bởi sự tiện lợi mà thiết bị này mang lại. Nhưng ngày nay, người dùng đòi hỏi ngày càng cao hơn đối với một chiếc tai nghe không chỉ ở thiết kế mà cả sự cải thiện về tính năng. Đáp ứng điều đó, Samsung đã cho ra mắt Samsung Galaxy Buds Live giúp trải nghiệm sử dụng tai nghe của người dùng trở nên tuyệt vời hơn.Galaxy Buds Live có là dạng tai nghe nhét tai với thiết kế hình hạt đậu lạ mắt khi sử dụng không bị nhô ra khỏi tai mà nằm gọn, vừa vặn trên tai của bạn mang đến cảm giác thoải mái khi đeo. Dù bạn sử dụng suốt cả ngày thì tai nghe cũng không khiến bạn cảm thấy khó chịu hay nặng tai.Ngoài ra, tai nghe còn có nhiều màu sắc khác nhau để người dùng có thể tùy ý lựa chọn theo sở thích cá nhân, các màu sắc đều là gam màu lạnh, thanh lịch và rất sang trọng.Bên cạnh đó là thiết kế công thái học, giúp người dùng không khó chịu khi sử dụng trong thời gian dài. Thiết kế vừa khít, chắc chắn kể cả khi chạy mà không lo rơi rớt.Samsung Buds Live được trang bị micro giúp người dùng có thể trả lời những cuộc gọi dễ dàng, dù là tai nghe nhét tai nhưng micro hút âm thanh cực tốt giúp bạn thoải mái trò chuyện nhưng vẫn đảm bảo âm thanh không bị ảnh hưởng bởi tạp âm.Không chỉ thế, tai nghe bluetooth Samsung Galaxy Buds Live còn được trang bị công nghệ khử tiếng ồn hiện đại giúp bạn không chỉ âm thanh thanh cuộc gọi của bạn được rõ ràng, chân thực mà còn giúp bạn có được không gian riêng thoải mái, không bị ảnh hưởng bởi những tạp âm xung quanh.Galaxy Buds Live sở hữu dải loa drive 12mm cùng âm thanh AKG mang đến âm thanh chất lượng với âm trầm sâu, âm bass lớn.Chất lượng cuộc gọi rõ ràng với 3 micro cùng Pickup Unit giúp phát hiện giọng nói qua chuyển động của hàm. Nhờ đó chất lượng âm thanh cuộc gọi rõ ràng hơn, kể cả khi bạn ở nơi ồn ào.Đối với Galaxy Buds Live không chỉ có thể sử dụng trên điện thoại Samsung, mà bạn có thể sử dụng được với nhiều loại smartphone khác nhau sử dụng hệ điều hành Android, dựa trên ứng dụng Galaxy Wea Wear. Nếu bạn không sử dụng điện thoại Samsung nhưng muốn sở hữu Buds Live thì vẫn có thể cài đặt ứng dụng và sử dụng mà không vấn đề gì.Samsung Buds Live còn cho phép điều kiển qua giọng nói, dễ dàng kiều khiển rảnh tay khi cần.Không chỉ thế, tai nghe bluetooth này còn cho người dùng thời gian sử dụng khủng, lên đến 8 giờ nghe liên tục và 29 giờ cả hộp sạc. Đây là con số rất ấn tượng, đảm bảo nhu cầu sử dụng liên tục cả một ngày. Bên cạnh đó là tính năng sạc nhanh, Galaxy Buds Live sẽ có thêm 1 giờ sử dụng sau 5 phút sạc.CellphoneS luôn là địa chỉ uy tín được nhiều người lựa chọn khi có nhu cầu mua sắm smartphone, laptop mà nhiều loại phụ kiện âm thanh khác như tai nghe, loa với đa dạng kiểu loại khác nhau. Nếu bạn muốn sở hữu Samsung Galaxy Buds Live đảm bảo chính hãng thì CellphoneS chắc chắn là nơi khiến bạn hài lòng. Chúng tôi luôn cam kết về chất lượng sản phẩm và chất lượng dịch vụ với khách hàng. Ngoài ra, đến với CellphoneS bạn sẽ được tư vấn tỉ mỉ về sản phẩm và chế độ bảo hành, khuyến mãi, ưu đãi hấp dẫn khi mua hàng tại CellphoneS."
https://cellphones.com.vn/huawei-y7-pro-2019-chinh-hang.html,Huawei Y7 Pro 2019,5 ,Home/ Điện thoại,,,"Huawei Y7 Pro 2019 Chính hãng kèm quà tặng, ưu đãi hấp dẫn, bảo hành 12 tháng tại Hệ thống CellphoneS.com.vn ✓Trả góp 0% ✓Giá rẻ hơn ✓Giao hàng miễn phí",,"(*) Huawei Y7 Pro 2019 chính hãng, có sẵn tiếng Việt, đầy đủ ứng dụng của Google. Bạn có thể sử dụng ngay bình thường. Khác với các máy hàng xách tay: không có sẵn rom tiếng Việt, chặn các ứng dụng của GoogleThị trường smartphone tầm trung đang diễn ra sự cạnh tranh vô cùng khốc liệt khi ngày càng có nhiều nhà sản xuất gia nhập, với Vsmart – điện thoại thương hiệu Việt thuộc tập đoàn Vingroup là cái tên mới nhất.Tuy nhiên, Vsmart chắc chắn sẽ gặp phải không ít thử thách trên hành trình chinh phục người dùng khi những thương hiệu lớn như Huawei vẫn đang khẳng định vị thế. Sản phẩm mới nhất của Huawei – chiếc Y7 Pro 2019 hứa hẹn sẽ là đối thủ đáng gờm với mọi thiết bị khác trong cùng phân khúc.Như hầu hết smartphone khác hiện nay, Huawei Y7 Pro 2019 sẽ sở hữu màn hình tỷ lệ 18:9 hoặc 19:9 với 2 viền trên dưới được làm mỏng cùng kích thước 6 inch giúp người dùng cầm nắm thoải mái mà vẫn được thưởng thức nội dung trên một không gian hiển thị rộng, qua đó nâng cao trải nghiệm giải trí.Là một sản phẩm giá rẻ, tất nhiên Y7 Pro 2019 không có phần cứng mạnh mẽ nhưng những gì mà Huawei trang bị cho sản phẩm cũng đủ để làm bạn hài lòng. Máy được cho là sẽ tích hợp chip Qualcomm Snapdragon 450 kết hợp cùng RAM 3GB – ROM 32GB hoặc RAM 4GB – ROM 64GB, đáp ứng tốt nhu cầu làm việc và giải trí cơ bản cũng như chạy đa nhiệm nhiều tác vụ.Đặc biệt, với những người dùng thường xuyên sử dụng smartphone ở cường độ cao (chẳng hạn như chơi game), pin sẽ tiêu hao nhanh khiến họ nhanh chóng phải cắm sạc. Huawei Y7 Pro 2019 sẽ giúp người dùng trải nghiệm lâu hơn trước khi cần nạp lại năng lượng vì máy được trang bị viên pin có dung lượng lên đến 3900 mAh, thuộc loại lớn nhất thị trường.Huawei Y7 Pro 2019 được cài sẵn hệ điều hành Android 8.1 Oreo với giao diện EMUI được Huawei tùy biến nhiều chi tiết nhằm giúp người dùng thao tác thuận tiện trong quá trình sử dụng.Bên cạnh đó, máy có cảm biến vân tay một chạm ở mặt lưng và hỗ trợ mở khóa bằng cách nhận diện khuôn mặt. Việc cho phép mở khóa bằng 2 hình thức là một điểm cộng lớn của sản phẩm, bởi người dùng có thể lựa chọn linh hoạt giữa mở khóa bằng vân tay khi đã cầm máy trên tay và mở khóa bằng gương mặt khi đang để điện thoại trên mặt bàn.Ở mặt sau Huawei Y7 Pro 2019 là cụm camera kép 13 + 2 MP với tính năng chụp xóa phông giúp người dùng dễ dàng tạo ra những bức ảnh chân dung có phông nền được làm mờ tạo nên độ “ảo”. Trong khi đó, camera trước 8 MP đủ sức mang lại những bức ảnh selfie hay cuộc gọi thoại video chân thực cùng người thân và bạn bè.Do Huawei Y7 Pro 2019 vẫn chưa chính thức được trình làng nên những dữ liệu trên chỉ mang tính tham khảo. CellphoneS sẽ cập nhật liên tục tin tức mới nhất về cấu hình, giá bán, ngày lên kệ cũng như chính sách mua trả góp Huawei Y7 Pro 2019. Các bạn hãy thường xuyên theo dõi website của CellphoneS để nhận được những tin tức về điện thoại Huawei nói riêng và thị trường smartphone nói chung nhé."
https://cellphones.com.vn/iphone-se-2020-128gb.html, iPhone SE 2020 128GB chính hãng VN/A,5 ,Home/ Điện thoại/ Apple,,,"Apple iPhone SE 2020 128GB chính hãng, giá tốt nhất, nhận ưu đãi khủng, bảo hành 12 tháng tại trung tâm bảo hành Apple tại Việt Nam. Giao hàng tận nơi",,
https://cellphones.com.vn/mobile/samsung.html?p=2,,,Home/ Điện thoại,,,"Mua điện thoại Samsung giá rẻ - Thu cũ đổi mới, bảo hành 12 tháng, đổi mới 30 ngày miễn phí, hỗ trợ trả góp 0%. Mua ngay đt Samsung mới nhất tại đây.",,
https://cellphones.com.vn/mobile/hang-khac.html,,,Home/ Điện thoại,,,Mua Điện Thoại Di Động Thông Minh Các Dòng Tầm Trung Giá Rẻ. Cam Kết Hàng Chính Hãng. Bảo Hành 12 Tháng. 1 Đổi 1 Trong 30 Ngày. Thu Cũ Đổi Mới. Trả Góp 0%. Cùng Nhiều Chương Trình Khuyến Mãi Khủng,,
https://cellphones.com.vn/apple-iphone-xs-512-gb-chinh-hang-vn.html,Apple iPhone XS 512GB Chính hãng,0 ,Home/ Điện thoại/ Apple,,,"Mua điện thoại iPhone Xs 512GB chính hãng VN/A, BH 12 tháng, 1 đổi 1 30 ngày, trả góp 0%, chương trình thu cũ đổi mới với giá thu cao nhất thị trường.",,"Có thể thấy rằng như thường lệ thì iPhone dòng “S” của Apple thường không thay đổi nhiều về mặt thiết kế, tuy nhiên lại được nâng cấp vô cùng mạnh mẽ về mặt tính năng lẫn cấu hình. iPhone XS 512GB cũng vậy, đây là phiên bản nâng cấp vô cùng mạnh mẽ của Apple về mặt các tính năng, cũng như chiếc smartphone mang lại hiệu năng và trải nghiệm tốt nhất thế giới. Ngoài ra, bạn có thể tham khảo 2 phiên bản dung lượng thấp hơn là iPhone XS 64GB và iPhone XS 256GB.Có thể thấy, thiết kế trên iPhone XS 512GB Chính hãng không có quá nhiều thay đổi so với chiếc iPhone X. Máy vẫn được trang bị khung viền thép không gỉ cao cấp, mặt lưng được Apple nâng cấp kính cường lực với khả năng chống xước tốt hơn. Tổng kích thước của máy là 143.6 x 70.9 x 7.7mm và có trọng lượng 177g. Bên cạnh đó, Apple đã trang bị thêm màu Gold cho sản phẩm bên cạnh 2 màu Silver, Space Gray cho người dùng có thêm sự lựa chọn.Máy được trang bị màn hình Super Retina có kích thước 5.8 inch độ phân giải đạt 2436 x 1125 pixel. Tấm nền OLED vẫn được Apple sử dụng trên iPhone XS 512GB. Đồng thời màn hình này cũng hỗ trợ các chuẩn Dolby Vison và HDR 10 cho trải nghiệm khi xem phim, chơi game trở nên sống động và chân thật hơn bao giờ hết.Có thể nói con chip Apple A12 Bionic trên iPhone XS phiên bản 512GB là bộ vi xử lý mang lại hiệu năng khủng nhất ở thời điểm hiện tại. Con chip này được xây dựng trên tiến trình 7nm giúp cải thiện khả năng xử lý và tiết kiệm pin của thiết bị. Trong đó có 6 nhân xử lý và 4 nhân đồ họa. Các trải nghiệm khi chơi Game, xử lý video 4K, AR giờ đây sẽ trở nên nhanh chóng tức thì và mượt mà hơn bao giờ hết.Apple đã nâng cấp chuẩn chống nước của Apple iPhone XS 512GB Chính hãng lên IP68 giúp máy có khả năng bảo vệ được trước những chất lỏng như nước, rượu, bia, cafe… và dưới độ sâu nước 2 mét trong 30 phút. Người dùng có thể an tâm sử dụng thiết bị mà không gặp bất cứ lo ngại gì khi vô tình làm đổ nước hay rơi máy xuống hồ bơi.Cụm camera kép chính của máy có độ phân giải 12MP đi cùng khả năng chống rung quang học OIS cho 2 camera này. Apple đã trang bị tính năng chỉnh khẩu xóa phông cho tính năng chụp ảnh chân dung ngày càng hoàn thiện, tạo ra các bokeh tuyệt đẹp. Tính năng SmartHDR cũng được trang bị cho cả camera chính và camera trước, cho chất lượng ảnh sắc nét và chi tiết hơn khi chụp ngược sáng.Khả năng quay video trên iPhone XS 512GB cũng được nâng cấp, giờ đây người dùng có thể ghi các đoạn Video âm thanh stereo sống động thực tế nhờ vào hệ thống thu âm bên dưới thiết bị.Hãy đến với CellphoneS, hệ thống bán lẻ điện thoại trên toàn quốc hiện cung cấp cho khách hàng iPhone XS 512GB chính hãng VN/A với mức giá vô cùng hấp dẫn, chế độ hậu mãi vô cùng tốt. Đối với các khách hàng ở xa có nhu cầu mua sản phẩm có thể tham khảo qua dịch vụ mua hàng và thanh toán tận nơi miễn phí của CellphoneS. Ngoài ra, đối với sản phẩm chưa ra mắt, khách hàng có thể đặt cọc online để nhận máy sớm nhất."
https://cellphones.com.vn/iphone-se-2020-256gb.html, iPhone SE 2020 256GB chính hãng VN/A,0 ,Home/ Điện thoại/ Apple/ iPhone SE 2020,,,Apple iPhone SE2 256GB chính hãng dự kiến được Apple ra mắt vào tháng 4/2020. Cập nhật thông tin mới nhất về điện thoại Apple iPhone Se2 256GB tại đây,,
https://cellphones.com.vn/phu-kien/camera/hanh-trinh.html,,,Home/ Phụ kiện/ Camera,,,"Mua ngay Camera hành trình chính hãng GoPro, Xiaomi, DJI GIÁ RẺ NHẤT, khuyến mãi hấp dẫn, chất lượng 4K, chống rung cực tốt, bảo hành 12 tháng, giao hàng nhanh chóng.",,
https://cellphones.com.vn/mobile/realme.html,,,Home/ Điện thoại,,,"Mua điện thoại Realme giá rẻ - Thu cũ đổi mới, bảo hành 12 tháng, đổi mới 30 ngày miễn phí, hỗ trợ trả góp 0%. Mua ngay đt Realme mới nhất tại đây.",,
https://cellphones.com.vn/mobile/apple/iphone-x.html,,,Home/ Điện thoại/ Apple,,,"Mua điện thoại iPhone X (iPhone 10), iPhone XR chính hãng VN/A, giảm hơn 3 triệu, trả góp 0%, thu cũ lên đời đt iPhone X, XR mới giá tốt nhất.",,
https://cellphones.com.vn/samsung-galaxy-a20s-4gb-64gb.html,Samsung Galaxy A20s 64GB,0 ,Home/ Điện thoại,,,"Mua Samsung A20s 64GB chính hãng, giá ưu đãi, nhiều khuyến mãi, giảm tới 5% khi thanh toán qua VNPAY-QR, 1 đổi 1 trong 30 ngày, mua trả góp 0%, bảo hành 12 tháng. Galaxy A20s được trang bị màn hình giọt nước, chip Exynos 7884, cụm camera kép được nâng cấp",,
https://cellphones.com.vn/mobile/hang-khac.html?p=2,,,Home/ Điện thoại,,,Mua Điện Thoại Di Động Thông Minh Các Dòng Tầm Trung Giá Rẻ. Cam Kết Hàng Chính Hãng. Bảo Hành 12 Tháng. 1 Đổi 1 Trong 30 Ngày. Thu Cũ Đổi Mới. Trả Góp 0%. Cùng Nhiều Chương Trình Khuyến Mãi Khủng,,
https://cellphones.com.vn/tragop?p=iphone-se-2020-256gb&m=company,,,,,,"Mua trả góp  iPhone SE 2020 256GB chính hãng VN/A thủ tục nhanh chóng, duyệt hồ sơ online, không chứng minh tài chính, lãi suất thấp. Được hỗ trợ bởi các công ty tài chính uy tín",,
https://cellphones.com.vn/apple-iphone-8-64-gb-chinh-hang-vn.html,Apple iPhone 8 64GB Chính hãng,0 ,Home/ Điện thoại/ Apple/ iPhone 8 | 8 Plus,,,"Mua điện thoại iPhone 8 64GB chính hãng VN/A, chất lượng, trả góp 0%, bảo hành 12 tháng. iPhone 8 64GB chống trầy xước tốt, màn hình hiển thị sắc nét",,"Apple đã nâng cấp cho dòng iPhone cao cấp của mình bằng bộ đôi iPhone 8/ 8 Plus tại sự kiện giới thiệu iPhone mới gây được khá nhiều sự chú ý. Với các nâng cấp nhẹ về mặt cấu hình và thiết kế thì iPhone 8 64GB chính hãng VN/A xứng danh là chiếc điện thoại flagship đáng để sở hữu nhất.Lý do để người dùng lựa chọn chiếc iPhone 8 64GB chính hãng VN/A vì đây là chiếc điện thoại có giá thành hợp lý và chất lượng đảm bảo. Đây là sản phẩm hàng chính hãng được Apple sản xuất cho thị trường Việt Nam, do đại lý Apple được ủy quyền tại Việt Nam phân phối. Chất lượng hàng hóa của iPhone 8 64GB chính hãng VN/A được đảm bảo theo đúng tiêu chuẩn nhà sản xuất. Đặc biệt, tại hệ thống CellphoneS có dịch vụ đổi mới 30 ngày sau khi mua sản phẩm, bảo hiểm 1 năm hoặc hơn tại các trung tâm bảo hành ủy quyền.Ngoài ra, với bộ nhớ trong 64GB vừa đủ dùng, iPhone 8 64GB VN/A hứa hẹn sẽ đem đến cho người dùng khả năng lưu trữ dung lượng thoải mái, từ hình ảnh, tài liệu, các phần mềm tiện ích,... đều có thể dễ dàng lưu giữ trong chiếc điện thoại, đáp ứng mọi nhu cầu của người dùng.iPhone 8 chính hãng là một chiếc máy đơn giản nhưng vẫn hài hoà trong từng đường nét. Khung kim loại cứng cáp, mặt lưng kính bóng bẩy cùng các góc bo cong mềm mại, một thiết kế không nổi bật nhưng dễ dàng thao tác.Do chuyển sang sử dụng chất liệu kính, iPhone 8 64GB sẽ ngăn chặn được vấn đề trầy xước do va chạm nhẹ. Thiết kế mới của iPhone 8 64GB đem lại cảm giác cầm nắm tốt hơn, đem lạ trải nghiệm khá tốt so với các phiên bản iPhone trước đây.Với kích thước 4.7 inch có thể gọi là bé nhỏ nhất trong năm 2017 này, cùng độ phân giải HD Apple đã biến màn hình trên iPhone 8 thành một thứ bất diệt. Độ sáng khi hiển thị ngoài trời cao, màu sắc trung thực, góc nhìn gần như tuyệt đối, tương phản tốt cùng độ chi tiết vừa đủ chuẩn.Với công nghệ màn hình True Tone, iPhone 8 64Gb sẽ ít phản chiếu ánh sáng hơn, do đó màu sắc mà người dùng thấy trên màn hình sẽ gần chính xác nhất với thực tế. Việc chặn phản chiếu ánh sáng này rất quan trọng để làm cho người dùng có thể đọc chữ được nếu bạn ở ngoài trời.Sở hữu dòng chip mới nhất Apple A11 Bionic 6 nhân, trong đó 2 nhân có khả năng xử lý nhanh hơn 25%, 4 nhân còn lại có tốc độ nhanh hơn 70% so với dòng chip A10. Ngoài ra chip GPU đồ họa mới giúp tốc độ xử lý hình ảnh tăng 30% so với các dòng điện thoại trước đó.Sức mạnh của con chip này sẽ khiến bạn kinh ngạc, kết quả thử nghiệm bằng Geekbench cho thấy iPhone 8 64Gb chính hãng thổi bay mọi thiết bị iOS khác của Apple. Sức mạnh ấn tượng này giúp iPhone 8 có thể xử lý khi quay video 4K và các ứng dụng thực tế tăng cường AR mới.Phiên bản iPhone 8 64Gb mang lại cho không gian trải nghiệm và lưu trữ khá thoải mái và giá thành lại không quá cao. Vì không phải ai cũng muốn dùng đám mây để cứu cánh cho bộ nhớ thấp nên nếu bạn có nhu cầu cao hơn về: nghe nhạc, xem phim, chơi game, … thì iPhone 8 64Gb chính hãng là lựa chọn rất tốt.Khi bạn chọn 256 GB thì hơi thừa nếu bạn không mấy khi quay video 4K. Một bộ phim trên iTunes với độ phân giải HD có dung lượng từ 3 – 6GB, nên với 64 GB, bạn cũng có thể thoải mái lưu vài bộ phim về xem dần mà không ảnh hưởng gì đến các ứng dụng khác của máy. Ngoài ra, nếu người dùng có nhu cầu lưu trữ lớn thì có thể tham khảo đến phiên bản iPhone 8 256GBTính năng đặc biệt Portrait Lighting giúp những bức ảnh chân dung của bạn trông rất chuyên nghiệp, giống như chụp ảnh tại studio với những chiếc máy ảnh kỹ thuật số và hệ thống ánh sáng đắt tiền.iPhone 8 64Gb chính hãng có camera 12MP với cảm biến lớn hơn kèm chống rung quang học giúp khả năng xử lý hình ảnh tốt hơn dưới điều kiện ánh sáng yếu, lấy nét nhanh hơn và chính xác hơn. Ngoài ra iPhone 8 còn quay video chất lượng cao 4K/60fps và 1080p/240fpsĐây là lần đầu tiên mà Apple tích hợp tính năng sạc không dây cho iPhone, và tuyệt vời hơn khi Apple sử dụng chuẩn Qi rất phổ biến. Mặc dù công nghệ này rất phổ biến, nhưng với người dùng iPhone thì nó tuyệt vời như lần đầu tiên bạn dùng sạc nam châm MagSafe trên MacBook.iPhone 8 64Gb chính hãng sử dụng viên pin có dung lượng 1.821 mAh, thấp hơn so với mức 1.960 mAh của iPhone 7. Tuy nhiên với con chip A11 Bionic 6 nhân cải tiến đã giúp thời lượng sử dụng pin vẫn tương đương với người tiền nhiệm.iPhone 8 64GB Chính hãng được sở hữu chuẩn kháng nước và bụi bẩn chuẩn IP67, giúp bảo vệ an toàn thiết bị trong điều kiện xấu nhất. Với chuẩn này thì máy có khả năng được bảo vệ an toàn khi rơi xuống nước khoảng 1m trong khoảng thời gian 30 phút.Lấy ví dụ, nếu bạn lỡ đánh rơi máy vào nước trong khi sử dụng, sẽ hoàn toàn không có bất cứ chuyện gì nghiêm trọng xảy ra đối với iPhone 8. Bạn đi đường gặp phải mưa cũng thế, chuẩn IP67 bảo vệ điện thoại bạn 100% không bị hư hỏng trong trường hợp này.Là một sản phẩm Flagship từ Apple, có thiết kế đơn giản nhưng các chi tiết được gia công một cách tỉ mỉ, những cải tiến vượt trội trên iPhone 8 giúp nó giữ vị trí hàng đầu trong các smartphone hiện nay. Hiện iPhone 8 64Gb chính hãng VN/A đã có mặt tại CellphoneS với mức giá cực kỳ ưu đãi trên thị trường. Các sản phẩm được bán ra tại CellphoneS là hàng chính hãng, chất lượng cao với những ưu đãi, giá bán tốt nhất. Bên cạnh đó là đội ngũ nhân viên luôn sẵn sàng phục vụ quý khách hàng. Đặc biệt, tại CellphoneS, iPhone 8 64Gb chính hãng đang sở hữu mức giá tốt được bảo hành chính hãng 12 tháng và có dịch vụ giao hàng, thanh toán tận nơi miễn phí cho người dùng ở xa khi mua hàng."
https://cellphones.com.vn/nokia-24.html,Nokia 2.4,0 ,Home/ Điện thoại,,,"Mua điện thoại Nokia 2.4 chính hãng, giá tốt, đổi mới 30 ngày, trả góp 0%, bảo hành 12 tháng. Nokia 2.4 cấu hình mạnh với Helio P22, 3 camera sau.",,"Là một trong những sản phẩm nổi bật trong phân khúc tầm trung so với các sản phẩm khác. Nokia 2.4 mang đến 1 cách nhìn hoàn toàn mới cho người dùng cả về ngoại hình lẫn chất lượng bên trong. Với phân khúc tầm trung giá rẻ chiếc Nokia 2.4 sẽ mang lại nhiều tiện ích và chất lượng sử dụng cao cấp dành cho bạn. Hãy cùng CellphoneS tìm hiểu xem chiếc điện thoại Nokia 2.4 này đang sở hữu những gì bên trong nhé!So với các phiên bản Nokia thế hệ trước chiếc Nokia 2.4 đã được cải thiện đáng kể về vẻ bề ngoài của thiết bị. Cụ thể với thiết kế 3D kết cấu nano các đường nét và góc cạnh của điện thoại tạo nên một vẻ ngoài hoàn toàn mới và sang trọng khi nhìn từ bên ngoài vào. Với kích thước vừa vặn dễ cầm chỉ 165,85 mm x 76,3mm Nokia 2.4 mang đến một kích thước chuẩn dễ cầm nắm hay cho vào bên trong túi quần của người dùng mà không bị vướng.Không những vậy nhằm đem đến nhiều sự lựa chọn cho khách hàng hãng đã trang bị cho chiếc Nokia 2.4 này rất nhiều màu sắc như màu xanh lục lam, màu cát và màu than. Người dùng có thể dễ dàng lựa chọn màu sắc trên chiếc Nokia 2.4 để phù hợp với sở thích và cá tính của mình khi sử dụng. Không bị giới hạn lựa chọn màu sắc khi chọn mua Nokia 2.4.Nhằm tạo nên sự nổi bật và dễ nhìn trên màn hình Nokia 2.4 hãng đã trang bị cho chiếc điện thoại này màn hình giọt nước có kích thước lên đến 6.5 inch. Chất lượng độ phân giải của chiếc màn hình này cũng nằm ở mức HD+ cho mọi hình ảnh hiển thị sắc nét đến từng chi tiết. Tỷ lệ màn hình giữ ở khung 19:9 mang đến một cái nhìn hoàn toàn mới và cân đối trên Nokia 2.4.Cấu hình trên chiếc điện thoại Nokia 2.4 được hãng tối ưu nhất hiệu suất mang đến một tốc độ xử lý mượt mà và ổn định. Cụ thể máy được trang bị chip CPU Octa-Core MediaTek Helio P22 với tốc độ xử lý nhanh kèm bộ nhớ ram lên đến 2Gb cho khả năng đa nhiệm tốt. Ngoài ra máy cũng sử dụng hệ điều hành Android 10 được tối ưu nhiều chức năng và hỗ trợ nhiều chế độ sử dụng trên Nokia 2.4.Là một chiếc điện thoại tầm trung nhưng Nokia 2.4 được hãng trang bị bộ nhớ lên đến 32Gb. Người dùng có thể thoải mái lưu trữ dữ liệu của mình như hình ảnh, video hay cài nhiều tựa game yêu thích mà không lo bị đầy dung lượng. Phù hợp với nhiều nhu cầu sử dụng lưu trữ dữ liệu trên điện thoại khi hỗ trợ thẻ nhớ lên đến 512Gb.Đặc biệt chiếc Nokia 2.4 đã được hãng trang bị nhiều chuẩn kết nối nổi bật như: WiFi 802.11 b/g/n, Bluetooth 5.0 giúp tốc độ kết nối và truyền tải dữ liệu cực kỳ nhanh chóng. Ngoài ra máy cũng hỗ trợ trang bị lên đến 2 sim kết nối cùng lúc. Mở rộng khả năng kết nối của Nokia 2.4 mà không cần dùng đến 2 chiếc điện thoại. Mang đến sự nổi bật riêng trong kết nối và giúp chiếc Nokia 2.4 trở nên hiện đại và tiện dụng hơn.Nokia 2.4 được hãng trang bị bộ đôi camera độ phân giải cao lần lượt camera chính 13 MP, camera chiều sâu 2 MP cho mọi hình ảnh chụp lại sắc nét và chân thực lưu lại những khoảnh khắc cực kỳ chất lượng. Ngoài ra camera trước cũng có độ phân giải lên đến 8MP hỗ trợ nhiều chế độ chụp ảnh hiện đại được bố trí giọt nước trên màn hình đầy tinh tế. Bạn có thể sử dụng thoải mái chiếc Nokia 2.4 để chụp hình, quay phim và sử dụng các ứng dụng video call một cách dễ dàng và sắc nét.Đặc biệt chiếc Nokia 2.4 cũng được trang bị viên pin có dung lượng lớn lên đến 4500mAh. Cho khả năng sử dụng cả một ngày dài mà không lo hết pin Máy cũng được trang bị nhiều chế độ tiết kiệm pin, tối ưu tăng cao đáng kể thời gian sử dụng. Thời gian sạc đầy máy chỉ vỏn vẹn chưa đến 90 phút là đã đầy pin đưa chiếc Nokia 2.4 hoạt động ổn định trở lại bình thường. Máy cũng được trang bị cổng sạc Micro USB cho khả năng kết nối truyền tải ổn định.Với cấu hình cực kỳ ổn định mượt mà kèm màn hình kích thước lớn và hỗ trợ lên đến 3 camera sau sắc nét. Nokia 2.4 sẽ là một sự lựa chọn phù hợp trong phân khúc tầm trung mà bạn nên cân nhắc khi lựa chọn. Đến ngay CellphoneS gần nhất tại Hà Nội và Hồ Chí Minh để trải nghiệm và mua ngay Nokia 2.4 với giá rẻ nhất thị trường kèm nhiều ưu đãi cực kỳ hấp dẫn nhé!"
https://cellphones.com.vn/phu-kien/camera/an-ninh.html,,,Home/ Phụ kiện/ Camera,,,"Mua camera an ninh chính hãng, giá rẻ, bảo hành 12 tháng, trảo góp 0%. Camera an ninh mini có thể gắn linh hoạt ngoài trời, trong nhà, bảo vệ tốt sự an toàn của gia đình bạn một cách tốt nhất.",,
https://cellphones.com.vn/apple-iphone-x-256-gb-chinh-hang-vn.html,Apple iPhone X 256GB Chính hãng,0 ,Home/ Điện thoại,,,"Mua điện thoại iPhone X 256GB chính hãng, có THU CŨ ĐỔI MỚI, trả góp 0%, BH 12TH tại trung tâm BH Apple tại VN, 1 đổi 1 trong 30 ngày. Tặng thêm 1 năm bảo hành CPS. Giao hàng miễn phí toàn quốc",,"Nếu bạn đang cần một thiết bị iPhone với cấu hình rất tốt, lưu trữ thoải mái, được trang bị hầu hết các tính năng, và đặc biệt là với một mức giá hợp lý thì iPhone X 256GB chính hãng VN/A chính là sự lựa chọn dành cho bạn. Hiện tại có rất nhiều loại iPhone khác nhau đang có mặt trên thị trường như iPhone VN/A, iPhone Lock mạng, iPhone CPO, Refurbished, xách tay nhà mạng Mỹ, Hàn,… Vậy tại sao iPhone X 256GB chính hãng VN/A lại là sự lựa chọn phù hợp?- Lý do đầu tiên đến từ sự đảm bảo ở chất lượng. Những chiếc iPhone xách tay, lock, hay mở mạng có thể đến từ nhiều nơi khác nhau, qua nhiều quá trình vận chuyển, và thường có tỉ lệ mắc các lỗi về bề ngoài, cũng như nhà mạng khác nhau khi về đến Việt Nam. iPhone CPO, Refurbished lại có những tỉ lệ mắc lỗi phần cứng tuy nhỏ nhưng vẫn lớn hơn VN/A. Ngược lại, iPhone VN/A là những thiết bị chính hãng Việt Nam, được nhập khẩu thông qua chính Apple Việt Nam. Và nếu bạn mua sản phẩm mới thì hoàn toàn những thiết bị iPhone VN/A đó sẽ còn nguyên seal, rất an tâm.- Lý do thứ hai đến từ chế độ hậu mãi của iPhone VN/A. Với những thiết bị iPhone này, bạn có thể yên tâm rằng thiết bị của mình sẽ được hỗ trợ bảo hành toàn quốc, tại tất cả các trung tâm bảo hành Apple trên cả nước. Đây là những đặc điểm mà iPhone xách tay không làm được.Với iPhone X 256GB, người dùng sẽ sở hữu đến 256GB bộ nhớ trong cho các nhu cầu lưu trữ khác nhau. Dung lượng này sẽ đảm bảo bạn có thể cài đặt rất nhiều ứng dụng, lưu phim, ảnh một thời gian rất dài trước khi cần tìm đến một thiết bị lưu trữ ngoài.Song song với đó, bộ nhớ trong dung lượng lớn cũng đảm bảo người dùng không cần sử dụng đến quá nhiều bộ nhớ iCloud cũng như các dịch vụ Drive khác nhằm lưu trữ dữ liệu, hình ảnh, phim. Từ đó bạn có thể giảm thiểu tối đa các chi phí cần thiết cho nhu cầu lưu trữ đám mấy. Với một vài trường hợp sử dụng cloud cho công việc, thì bạn có thể an tâm rằng bộ nhớ máy sẽ luôn hỗ trợ đủ tốt, và không đòi hỏi việc san sẻ dung lượng. Ngoài ra, khách hàng có thể tham khảo đến phiên bản iPhone X 64GB - một phiên bản có dung lượng lưu trữ thấp hơn nhưng vẫn đáp ứng được nhu cầu sử dụng.Song song với dung lượng bộ nhớ trong dư dả, iPhone X 256GB chính hãng VN/A còn mang trên mình chip Apple A11 Bionic – một CPU vô cùng mạnh mẽ. Đây là vi xử lý được thiết kế trên tiến trình 10nm, đi kèm với GPU lõi tam. Với CPU – GPU này, iPhone X chắc chắn sẽ mang lại hiệu suất rất ấn tượng, bền bỉ cùng với đó là khả năng cập nhật lâu dài.Máy cũng được trang bị bộ nhớ RAM lên đến 3GB. Dung lượng RAM này sẽ đảm bảo cho bạn khả năng chuyển đổi đa nhiệm hiệu quả, thao tác trên máy diễn ra nhanh nhẹn, các hiệu ứng chuyển cảnh mượt mà. Bộ nhớ RAM 3GB cùng với Apple A11 còn là combo mạnh mẽ giúp bạn cày ải mọi tựa game nặng đang có mặt trên thị trường.Bên cạnh thông số về phần cứng, phần mềm là một thứ chúng ta không thể quên trên các thiết bị iPhone. Với phiên bản iOS 12 mới nhất, iPhone X hoạt động rất mượt mà, nhiều tính năng đáng giá, đi kèm với đó là rất nhiều tiện ích, phần mềm hay khác nhau.Thiết kế màn hình trên iPhone X đã tạo ra xu hướng định hình lại cách các nhà sản xuất làm màn hình tràn viền. Với màn hình kích thước 5.8 inch cùng chiếc tai thỏ ở bên trên, các cạnh viền trên iPhone X được làm rất mỏng, quyến rũ, đặc biệt là phần cằm. “Tai thỏ” này cũng không hề vô dụng khi được dùng để chứa một cảm biến gương mặt Face ID 3D, một camera selfie và loa thoại.Về chất lượng hiển thị, với tấm nền OLED cùng độ phân giải 1125 x 2436 pixels, đây là một trong những màn hình xuất sắc nhất trên thế giới tại thời điểm ra mắt. Máy thể hiện màu đen sâu, màu sắc sống động cũng như độ nổi khối của hình ảnh ở mức tuyệt vời. Song song với đó, màn hình trên iPhone X cũng đi kèm với rất nhiều tính năng như HDR10, độ nhạy cảm ứng 120 Hz, cùng 3D Touch đặc trưng.Cũng với thiết kế màn hình mới này, Apple đã hoàn toàn lại bỏ nút Home vật lý kiêm cảm biến vân tay. Thay vào đó, Apple trang bị cho iPhone X các tính năng vuốt chạm cử chỉ để thao tác điều hướng. Từ đó, bạn sẽ có thể sử dụng trọn vẹn toàn bộ màn hình, thao tác hiện đại, rộng rãi, thoải mái hơn trước rất nhiều.Thiết kế là một trong những điểm được làm mới tiếp theo trên thế hệ iPhone X. Máy sở hữu hai mặt kính hiện đại, tinh tế, ở giữa là khung kim loại chắc chắn. Cụm camera ở phía sau cũng được đặt dọng thay vì nằm ngang như những thế hệ iPhone trước.Bên cạnh đó, thiết kế trên máy cũng được làm cong nhiều hơn ở 4 góc. Có lẽ điều nằm nhằm đảm bảo rằng thân máy cùng màn hình tràn viền mới sẽ nằm vừa tay người dùng hơn, dễ thao tác hơn. Điểm đặc biệt là dù có màn hình lớn hơn iPhone 8 Plus một tí nhưng iPhone X vẫn có trọng lượng nhẹ hơn, nhỏ hơn về tổng thể.Về camera, máy sở hữu camera kép 12MP ở phía sau, với một cảm biến góc rộng f/1.8 cùng cảm biến tele f/2.4. Chất lượng chụp ảnh trên các thiết bị iPhone từ trước đến này đều rất tốt, với khả năng xoá phông chất lượng cùng chi tiết ảnh cao. Điểm đặc biệt là bạn không cần phải điều chỉnh quá nhiều về thông số, chỉ cần cầm máy lên và chụp là đã có một bức ảnh chất lượng rồi. Song song với đó, bộ đôi camera này cũng mang đến người dùng khả năng quay phim 4K 60fps.Camera trước trên iPhone X có độ phân giải 7MP. Hình ảnh cho ra từ cảm biến ảnh trên rất chân thực. Kết hợp với cảm biến FaceID 3D, bạn có thể dùng camera này để thực hiện rất nhiều tính năng vui nhộn như Animoji, tạo Sticker,…iPhone X 256GB được trang bị dung lượng pin 2716mAh. Trung bình, bạn có thể sử dụng máy thoải mái trong vòng 1 ngày sau khi sạc đầy. Viên pin này cũng được hỗ trợ khả năng sạc nhanh 15W với USB Power Delivery 2.0. Tuy nhiên bạn cần phải mua thêm củ sạc ở ngoài để có thể sử dụng tính năng này.Với mặt lưng kính ở phía sau, iPhone X còn sở hữu khả năng sạc không dây Qi. Tính năng này sẽ cho phép bạn thoải mái lựa chọn những cách sạc thiết bị khác nhau, cùng như không quá lo lắng khi quên đem dây sạc theo mình.Nếu bạn đang muốn tìm hiểu thêm về iPhone X 256GB, hãy đến ngay CellphoneS để được trải nghiệm cũng như sở hữu ngay cho mình mẫu smartphone đáng mua nhất hiện nay. Hiện tại sản phẩm đang có mức giá rất tốt, nguyên seal, cũng như hỗ trợ bảo hành chính hãng, 1 đổi 1 torng 30 ngày nếu có lỗi của nhà sản xuất, thời gian bảo hành lên đến 24 tháng."
https://cellphones.com.vn/asus-zenfone-live-l1-chinh-hang.html,Asus Zenfone Live L1,5 ,Home/ Điện thoại,,,"Asus Zenfone Live L1 Chính hãng kèm quà tặng, ưu đãi hấp dẫn, bảo hành 12 tháng tại Hệ thống CellphoneS.com.vn ✓Trả góp 0% ✓Giá rẻ hơn ✓Giao hàng miễn phí",,"Bên cạnh Zenfone Live, thì trong năm nay, Asus cũng đã cho ra mắt một phiên bản khác của nó là Asus Zenfone Live L1. Mặc dù thiết bị thuộc phân khúc smartphone giá rẻ nhưng vẫn được trang bị màn hình 18 : 9 thời thượng, cấu hình phần cứng ấn tượng cùng nhiều tính năng thú vị khác.Vì nằm trong phân khúc điện thoại giá rẻ, nên vỏ ngoài của Zenfone Live L1 vẫn được chế tác từ chất liệu nhựa. Điện thoại sở hữu thiết kế khá truyền thống, với các góc, cạnh viền được bo cong mềm mại. Mặt lưng của máy cũng được làm nhám nhằm hạn chế sự bám dính mồ hôi, vân tay và đem lại cảm giác thoải mái, chắc chắn khi cầm, nắm.Mặc dù là smartphone giá rẻ nhưng smartphone Asus Zenfone Live L1 chính hãng vẫn được trang bị màn hình kích thước 5.5 inch với tỉ lệ 18:9 thời thượng. Mặc dù màn hình có kích thước lên đến 5.5 inch, nhưng nhờ đã được tối ưu viền bezel nên Asus Zenfone Live L1 vẫn có kích thước khá gọn nhẹ, tương đương với những chiếc điện thoại màn hình 5 inch khác, thuận tiện cho việc cầm nắm hoặc mang theo bên mình. Màn hình của Asus Zenfone Live L1 được trang bị công nghệ tấm nền IPS LCD và có độ phân giải HD+ (1440 x 720 pixels), nhờ đó hình ảnh được hiển thị sẽ khá chi tiết với màu sắc trung thực.Điện thoại Asus Zenfone Live L1 được cung cấp sức mạnh bởi chipset Qualcomm Snapdragon 425 - đây là con chip có hiệu năng mượt mà nhanh chóng và tiết kiệm điện năng hiệu quả. Hệ điều hành tương thích cho máy là nền tảng Android 8.0 Oreo (Go edition) với giao diện ZenUI 5.0, mang đến cho người dùng những trải nghiệm tuyệt vời nhất. Bên cạnh đó, máy còn được trang bị RAM 2 GB và bộ nhớ trong 16 GB. Với cấu hình này, thiết bị có khả năng đáp ứng được đầy đủ nhu cầu sử dụng hằng ngày của người dùng như nghe nhạc, xem phim, lướt web,...Camera sau của Zenfone Live L1 có độ phân giải lên đến 13MP và được tích hợp công nghệ lấy nét theo pha PDAF. Trong khi đó, camera selfie ở mặt trước máy có độ phân giải 5 MP, có khả năng chụp selfie góc rộng và hỗ trợ mở khóa bằng khuôn mặt. Với bốn chế độ camera, tám bộ lọc và tính năng HDR ban đêm được trang bị trên Zenfone Live L1, người dùng có thể dễ dàng nắm bắt từng khoảnh khắc đáng nhớ và sáng tạo theo cách của mình.ZenFone Live L1 được trang bị khay cắm ba tiện lợi cho phép mang cùng lúc hai thẻ sim và 1 thẻ nhớ microSD. Nhờ đó, người dùng hoàn toàn không cần dùng đến hai chiếc điện thoại cho việc liên lạc. Đặc biệt, khe cắm thẻ của thiết bị hỗ trợ thẻ nhớ có dung lượng lên đến 2 TB, nhờ đó đảm bảo được nhu cầu lưu trữ các dữ liệu quan trọng của người dùng.Máy được trang bị viên pin có dung lượng lớn, lên đến 3000 mAh. Điều đó có nghĩa là bạn có thể dùng Asus Zenfone Live L1 để đàm thoại (chế độ 3G) liên tục trong 17 tiếng, phát nhạc liên tục trong 4 ngày, duyệt web bằng wifi trong 18 tiếng hoặc xem liên tục 9 bộ phim dài.CellphoneS là hệ thống cửa hàng chuyên bán lẻ điện thoại Asus, máy tính bảng và các phụ kiện chính hãng trên toàn quốc. Các sản phẩm được bán ra tại CellphoneS là hàng chính hãng, chất lượng cao với những ưu đãi, giá bán tốt nhất. Bên cạnh đó là đội ngũ nhân viên luôn sẵn sàng phục vụ quý khách hàng.Quý khách có thể mua Asus Zenfone Live L1 chính hãng tại CellphoneS với mức giá vô cùng rẻ và hợp lý. Bên cạnh đó CellphoneS còn cung cấp dịch vụ giao hàng và thanh toán tận nơi miễn phí cho người dùng ở xa khi mua hàng."
https://cellphones.com.vn/mobile/apple/iphone-12.html,,,Home/ Điện thoại/ Apple,,,"Mua điện thoại iPhone 12 phiên bản Plus/Pro/Pro Max năm 2020 - Cập nhật thông tin giá bán, ngày ra mắt, hình ảnh, màu sắc, đánh giá chính xác, giải đáp thắc mắc ngay tại đây.",,
https://cellphones.com.vn/tragop?p=iphone-se-2020-256gb&m=card,,,,,,"Mua trả góp  iPhone SE 2020 256GB chính hãng VN/A lãi suất 0%, thủ tục đơn giản, nhanh chóng, không cần giấy tờ. Duyệt hồ sơ online, nhận hàng tại nhà",,
https://cellphones.com.vn/iphone-8-128gb-chinh-hang-vn-a.html,Apple iPhone 8 128GB Chính hãng,0 ,Home/ Điện thoại/ Apple/ iPhone 8 | 8 Plus,,,"Mua điện thoại iPhone 8 128GB chính hãng, đổi mới 30 ngày, mua trả góp 0%, bảo hành 12 tháng",,
https://cellphones.com.vn/apple-iphone-8-256-gb-chinh-hang-vn.html,Apple iPhone 8 256GB Chính hãng,0 ,Home/ Điện thoại/ Apple/ iPhone 8 | 8 Plus,,,"Mua điện thoại Apple iPhone 8 256GB Chính hãng VN chính hãng, bảo hành 12 tháng tại Hệ thống CellphoneS.com.vn ✓Trả góp 0% ✓Giá rẻ hơn ✓Giao hàng miễn phí
",,"Bạn đang muốn tìm một chiếc iPhone dung lượng cao, giá phải chăng, nhỏ gọn nhưng vẫn có một cấu hình tuyệt vời? iPhone 8 256GB chính hãng VN/A chính là thiết bị dành cho bạn, với phần cứng mạnh mẽ, thiết kế hiện đại, an toàn, camera ấn tượng.Hiện tại khi chọn mua một chiếc iPhone chắc chắn bạn sẽ có rất nhiều lựa chọn trên thị trường, vô cùng đa dạng từ CPO đến Refurbished đến Xách tay Hồng Kông, Mỹ,… Vậy một thiết bị VN/A hay chính hãng Việt Nam có điểm gì đặc biệt mà lại có giá cao hơn những thiết bị kia?Đầu tiên, vì là một thiết bị chính hãng, nên bạn có thể đảm bảo rằng seal của máy sẽ vẫn y nguyên cho đến lúc bạn được trên tay thiết bị. Và đây là một thiết bị mới hoàn toàn 100% chưa qua sửa chữa. Xét trong đa số các thiết bị còn lại, nếu như CPO nói đến những thiết bị mới được sản xuất lại từ các linh kiện khác nhau, thì xách tay lại có nguy cơ không phù hợp nhà mạng, thủ tục phức tạp. Nhìn chung iPhone VN/A sẽ là lựa chọn an tâm nhất cho người dùng.Song song với đó, iPhone VN/A sẽ nhận được bảo hành chính hãng ở toàn bộ hệ thống Apple ở lãnh thổ Việt Nam. Bạn có thể yên tâm rằng thiết bị của mình sẽ không gặp tình trạng từ chối bảo hành như đa số các máy xách tay khác.iPhone 8 chưa bao giờ là thiết bị lỗi thời về cấu hình. Máy được trang bị bộ vi xử lý Apple Bionic A11 mạnh mẽ, cùng với 2GB RAM. Cấu hình này vẫn rất đình đám ở năm 2019, và dễ dàng đánh bật một số đối thủ sừng sỏ như Snapdragon 845, đặc biệt là khi xét đến độ ổn định. Với iPhone 8, bạn sẽ chơi được hầu hết tựa game từ nhẹ đến nặng trên thị trường, cũng như có những trải nghiệm mượt mà, thao tác nhanh nhẹn nhất.Với vi xử lý Bionic A11, kết hợp với hệ điều hành iOS 12, bạn có thể an tâm rằng máy sẽ luôn được tối ưu tốt, cập nhật ít nhất là 4 – 5 năm nữa. Và đặc biệt là hệ thống các tính năng AI, hỗ trợ người dùng trên máy còn được hỗ trợ rất mạnh mẽ, phục vụ các công nghệ hiện đại nhất trên thị trường.Vào năm 2017, iPhone được ra mắt với hai phiên bản bộ nhớ trong 64/256GB. Và trong bài viết này chúng ta đang nói đến phiên bản iPhone 8 265GB chính hãng VN/A.Nếu như iPhone 8 64GB đã dư dả rất nhiều so với nhu cầu của phần lớn người dùng, thì 256GB còn lớn hơn gấp 4 lần. Với con số trên dành cho bộ nhớ trong, bạn có thể chắc chắn rằng mình sẽ thoải mái sử dụng thiết bị với cường độ lưu trữ cao nhưng vẫn không lo cạn kiệt bộ nhớ. Ra mắt cùng thời điểm với iPhone X, iPhone 8 vẫn giữ được thiết kế quen thuộc, cùng tỉ lệ màn hình an toàn của những thế hệ iPhone trước đó. Với thiết kế tổng quan như thế, người dùng sẽ có một thiết bị nhỏ gọn, cầm trên tay chắc chắn, khá đầm tay với khối lượng 148gram cùng độ mỏng ấn tượng 7.3 mm.Tuy nhiên, quen thuộc không có nghĩa là người dùng không nhận được sự nâng cấp nào. Trên iPhone 8, Apple đã tinh tế thay thế mặt lưng kim loại quen thuộc trên những thế hệ Táo trước, bằng một mặt lưng kính. Biến iPhone 8 trở thành smartphone có thiết kế sandwich với mặt kính trước sau bóng bẩy. Với kiểu thiết kế như thế, iPhone 8 trở nên không chỉ hiện đại mà còn là sang trọng, hợp xu hướng.Song song với đó, màu sắc cũng là một điểm tô nét cho thiết kế sang trọng trên iPhone 8. Người dùng sẽ có những lựa chọn màu như Silver, Space Gray, Gold, Red – đều là những lựa chọn ấn tượng, vừa dễ sử dụng lại không quá sặc sỡ.iPhone 8 không phải là một thiết bị có màn hình tai thỏ - đây là điều dễ hiểu khi máy không sở hữu cảm biến khuôn mặt FaceID. Thay vào đó, thiết bị vẫn được trang bị màn hình tỉ lệ 16:9 quen thuộc với độ phân giải 750 x 1334, mật độ điểm ảnh 326ppi. Từ trước đến nay màn hình Apple luôn cho khả năng hiển thị rất tốt, và màn hình IPS LCD này vẫn vững truyền thống đó. Cụ thể hơn, màn hình trên iPhone 8 mang đến hình ảnh sắc nét, màu sắc sống động, chi tiết tốt, độ sáng rất tốt.Song song với khả năng hiển thị tốt, màn hình trên iPhone 8 cũng có rất nhiều tính năng tuyệt vời đi kèm như 3D Touch, True Tone, cũng như công nghệ tối ưu cho dải màu rộng: “Wide color gamut”. Từ đó những trải nghiệm người dùng trên máy sẽ tuyệt vời hơn, thuận tiện hơn.Vì không có FaceID, nên iPhone 8 vẫn được trang bị cảm biến vận tay kiêm nút home ở mặt trước tương tự như những thế hệ iPhone trước. Cảm biến này mang đến tốc độ nhận diện nhanh, cùng thao tác, set up rất đơn giản, khả năng bảo mật chắc chắn, an tâm.Không mang trên mình cái tên Plus, iPhone 8 vẫn chỉ được trang bị một camera đơn 12MP f/1.8 ở phía sau. Tuy nhiên, cảm biến này vẫn làm việc rất tốt trên đa số nhu cầu của người dùng. Bạn vẫn có thể cầm máy lên, canh góc, và bấm chụp là đã có một bức ảnh được xử lý rất tốt, có thể up lên mạng xã hội ngay.Bên cạnh đó, camera này còn được trang bị hệ thống đèn flash Quad-LED dual tone cho việc chụp ảnh thiếu sáng ấn tượng. Chưa hết, phần cứng tuyệt vời trên iPhone còn thể hiện ở chỗ máy có khả năng quay phim lên đến độ phân giải 4K 60fps – rất tuyệt vời.iPhone 8 được trang bị camera trước 7MP f/2.2. Tuy thông số camera không quá cao, iPhone 8 vẫn làm tốt các nhu cầu chụp ảnh selfie của người dùng. Với cảm biến ảnh trên, bạn sẽ dễ dàng chụp được một tấm ảnh chân thực với độ sáng tốt, từ đó sử dụng thêm các app chỉnh ảnh để có thể tuỳ chỉnh đẹp hơn. Camera này cũng quay phim được ở độ phân giải Full HD 30fps.Bên cạnh những thông số rất tuyệt vời ở trên, iPhone 8 sở hữu dung lượng pin 1821mAh. Dù đây là con số không quá cao, nhưng thiết bị vẫn có thể trụ ổn trong vòng một ngày với đa số các tác vụ thông thường, căn bản mà người dùng đưa ra.Máy cũng được trang bị hỗ trợ công nghệ sạc nhanh Power Delivery 2.0 với khả năng sạc đầy 50% trong vòng 30 phút. Tuy nhiên đáng tiếc là để kích hoạt được chế độ sạc này, bạn sẽ phải mua củ sạc nhanh ở bên ngoài, khi củ sạc theo máy vẫn có nguồn ra rất thấp.Tất nhiên, với thiết kế mặt lưng kính, iPhone 8 sẽ sở hữu cho mình khả năng sạc không dây Qi. Từ đó, khi quên mang dây sạc cũng như các thiết bị quan trọng khác, bạn có thể tìm một địa điểm hỗ trợ sạc không dây, từ đó đã có thể sạc cho thiết bị của mình rồi.Bạn đang muốn sở hữu cho mình một chiếc iPhone 8 256GB chính hãng VN/A? Hãy đến ngay CellphoneS. Hiện tại thiết bị sắp về hàng và hứa hẹn sẽ có mức giá rất phải chăng cùng thời gian bảo hành đầy đủ 12 tháng. Hãy nhanh chân đến với CellphoneS để được trên tay cũng như sở hữu cho mình một chiếc iPhone 8 256GB chính hãng nhé."
https://cellphones.com.vn/mobile/vsmart.html,,,Home/ Điện thoại,,,"Mua điện thoại Vsmart giá rẻ - Thu cũ đổi mới, bảo hành 12 tháng, đổi mới 30 ngày miễn phí, hỗ trợ trả góp 0%. Mua ngay đt Vsmart mới nhất tại đây.",,
https://cellphones.com.vn/camera-ip-wifi-ezviz-cscv301-1080p-2mp.html,Camera IP Wifi gắn ngoài trời EZVIZ 2MP 1080P CS-CV310(C3WN),0 ,Home/ Phụ kiện/ Camera/ Camera An ninh,,,"Mua ngay camera IP Wifi gắn ngoài trời EZVIZ 2MP 1080P CS-CV310(C3WN) chính hãng giá tốt, bảo hành lâu dài, giao hàng tận nơi.",,"Camera IP Wifi EZVIZ 2MP 1080P là sản phẩm camera an ninh thông minh đến từ hãng EZVIZ được thiết kế chuyên để sử dụng ngoài trời. Ngoài ra, hỗ trợ độ phân giải lên đến HD 1080p được định hướng dành riêng cho gia đình, cửa hàng của bạn.Camera IP Wifi gắn ngoài trời EZVIZ 2MP 1080P được thiết kế với kích thước 72x72x150mm, đi kèm là trọng lượng 288g. Có thể thấy đây không phải là kích thước nhỏ gọn và trọng lượng nhẹ, tuy nhiên do được tích hợp nhiều công nghệ hiện đại nên đây cũng không phải là điều chấp nhận được. Nếu như có nhu cầu lắp đặt ở xa, bạn cũng có thể bỏ nó vào trong balo hay túi xách dễ dàng và không tốn nhiều diện tích.Với cấu trúc từ vòng quay của trục Cardan, camera IP Wifi gắn ngoài trời EZVIZ 2MP 1080P phù hợp với hai hình thức lắp đặt trên trần nhà hoặc gắn lên tường. Qua đó, người dùng có thể linh hoạt sử dụng cho nhiều mục đích khác nhau, tùy vào kết cấu của ngôi nhà hoặc cửa hàng của bạn.Chiếc camera IP Wifi gắn ngoài trời EZVIZ 2MP 1080P được tích hợp hai ăng ten hỗ trợ bắt sóng wifi tốt hơn khi bạn sử dụng thiết bị lắp đặt ở vị trí xa modem Wifi không tiện trong việc kết nối dây mạng LAN trực tiếp. Trong khi hầu hết những thiết bị camera an ninh hiện nay đều không có râu hoặc cao lắm cũng chỉ có một râu nhưng với camera EZVIZ 2MP 1080P có đến tận hai râu, qua đó, mới thấy được khả năng bắt sóng “khủng khiếp” của thiết bị này.Ngoài ra, nếu bạn để ý thì có thể thấy một lớp vỏ nhựa được xiết bằng hai con vít kiên cố, đây là nơi cất giữ thẻ nhớ lưu trữ. Qua đó, nó có thể đảm bảo được thẻ nhớ an toàn, luôn trong trạng thái tốt không bị ảnh hưởng từ môi trường ở bên ngoài. Thẻ nhớ trên camera có thể lưu trữ tối đa lên đến 256GB. Bên cạnh đó, bạn cũng có thể lưu trữ hình ảnh vào EZVIZ Cloud – một ứng dụng sử dụng công nghệ lưu trữ đám mây. Bằng việc sử dụng ứng dụng này, bạn có thể sao lưu bổ sung tuy nhiên hình thức này vẫn chưa khả dụng ở Việt Nam.Đối với bất kỳ chiếc camera an ninh nào, chắc hẳn khả năng quay ban đêm là tính năng quan trọng nhất, bởi lẽ vai trò của camera an ninh hoạt động mạnh mẽ nhất là vào buổi tối. Bằng việc trang bị đèn LED hồng ngoại cao cấp nhất, camera EZVIZ 2MP 1080P đem đến cho người dùng khả năng phát hiện các vật thể ở khoảng cách 30 mét (100 feet) trong ban đêm.Chưa dừng lại ở đó, do được trang bị micro khử tiếng ồn tích hợp, camera IP Wifi gắn ngoài trời EZVIZ 2MP 1080P cho phép bạn có thể nghe được những âm thanh đang xảy ra một cách rõ ràng.  Camera IP Wifi gắn ngoài trời EZVIZ 2MP 1080P được tích hợp chống nước chuẩn IP66. Tiêu chuẩn này giúp giữ cho chiếc camera IP Wifi gắn ngoài trời EZVIZ 2MP 1080P tránh được mưa, nắng, hoặc tuyết, bảo vệ chiếc camera mọi lúc mọi nơi.Bạn chưa biết nên mua camera IP Wifi gắn ngoài trời EZVIZ 2MP 1080P ở đâu rẻ? CellphoneS là sự lựa chọn rất đáng để bạn phải cân nhắc lựa chọn bởi đây là hệ thống cửa hàng bán phụ kiện công nghệ có uy tín lâu năm trên thị trường, được đông đảo người dùng tin tưởng lựa chọn trong nhiều năm qua. CellphoneS có rất nhiều chi nhánh tại TPHCM và Hà Nội, thuận tiện cho việc đi lại của bạn. Ngoài ra, nếu như bạn không tiện di chuyển, bạn cũng có thể đặt hàng online trên website hoặc thông qua tổng đài miễn phí 1800.2097 để được giao hàng về tận nhà, tức chỉ phải thanh toán khi nhận hàng."
link,name,rating,category,price,promotion_infor,introduction,short_description,specification
